"UNSEIWRITEDATE","UNSEIWRITER","RENEWALDATE","RENEWALWRITER","OMIKUJICODE","BIRTHDAY","URANAIDATE"
"20220405","ヒヨ","20220405","ヒヨ","5","19971005","20220405"
"20220405","ヒヨ","20220405","ヒヨ","5","19971005","20220405"
"20220405","ヒヨ","20220405","ヒヨ","5","19971005","20220405"
"20220405","ヒヨ","20220405","ヒヨ","5","19971005","20220405"
"20220405","ヒヨ","20220405","ヒヨ","5","19971005","20220405"
"20220405","ヒヨ","20220405","ヒヨ","5","19971005","20220405"
"20220405","ヒヨ","20220405","ヒヨ","5","19971005","20220405"
"20220405","ヒヨ","20220405","ヒヨ","49","19960201","20220405"
"20220405","ヒヨ","20220405","ヒヨ","5","19971005","20220405"
"20220408","ヒヨ","20220408","ヒヨ","39","19971005","20220408"
"20220408","ヒヨ","20220408","ヒヨ","39","19971005","20220408"
"20220408","ヒヨ","20220408","ヒヨ","39","19971005","20220408"
"20220408","ヒヨ","20220408","ヒヨ","39","19971005","20220408"
"20220408","ヒヨ","20220408","ヒヨ","50","19980219","20220408"
"20220408","ヒヨ","20220408","ヒヨ","33","19970214","20220408"
"20220408","ヒヨ","20220408","ヒヨ","33","19970214","20220408"
"20220408","ヒヨ","20220408","ヒヨ","33","19970214","20220408"
"20220408","ヒヨ","20220408","ヒヨ","11","19990122","20220408"
"20220408","ヒヨ","20220408","ヒヨ","39","19971005","20220408"
"20220408","ヒヨ","20220408","ヒヨ","33","19970214","20220408"
"20220408","ヒヨ","20220408","ヒヨ","40","19940428","20220408"
"20220408","ヒヨ","20220408","ヒヨ","33","19970214","20220408"
"20211224","ヒヨ","20211224","ヒヨ","48","19971005","20211224"
"20220411","ヒヨ","20220411","ヒヨ","16","19971005","20220411"
"20220411","ヒヨ","20220411","ヒヨ","50","19960201","20220411"
"20220408","ヒヨ","20220408","ヒヨ","10","19960201","20220408  "
"20220408","ヒヨ","20220408","ヒヨ","10","19960201","20220408  "
"20220408","ヒヨ","20220408","ヒヨ","10","19960201","20220408  "
"20220408","ヒヨ","20220408","ヒヨ","10","19960201","20220408  "
"20220412","ヒヨ","20220412","ヒヨ","42","19940428","20220412"
"20220412","ヒヨ","20220412","ヒヨ","39","19960201","20220412"
"20220412","ヒヨ","20220412","ヒヨ","29","19971005","20220412"
"20220412","ヒヨ","20220412","ヒヨ","8","19970214","20220412"
"20220412","ヒヨ","20220412","ヒヨ","29","19971005","20220412"
"20220412","ヒヨ","20220412","ヒヨ","39","19960201","20220412"
"20220412","ヒヨ","20220412","ヒヨ","29","19971005","20220412"
"20220412","ヒヨ","20220412","ヒヨ","39","19960201","20220412"
"20220412","ヒヨ","20220412","ヒヨ","29","19971005","20220412"
"20220412","ヒヨ","20220412","ヒヨ","29","19971005","20220412"
"20220412","ヒヨ","20220412","ヒヨ","39","19960201","20220412"
"20220412","ヒヨ","20220412","ヒヨ","39","19960201","20220412"
"20220412","ヒヨ","20211224","ヒヨ","37","19970214","20211224"
"20220412","ヒヨ","20211224","ヒヨ","7","19960201","20211224"
"20220412","ヒヨ","20211224","ヒヨ","43","19980219","20211224"
"20220412","ヒヨ","20220412","ヒヨ","29","19971005","20220412"
"20220412","ヒヨ","20220412","ヒヨ","8","19970214","20220412"
"20220412","ヒヨ","20220412","ヒヨ","42","19940428","20220412"
"20220413","ヒヨ","20220413","ヒヨ","26","19971005","20220413"
"20220413","ヒヨ","20220413","ヒヨ","26","19971005","20220413"
"20220413","ヒヨ","20220413","ヒヨ","26","19971005","20220413"
"20220413","ヒヨ","20220413","ヒヨ","24","19960201","20220413"
"20220413","ヒヨ","20220413","ヒヨ","24","19960201","20220413"
"20220413","ヒヨ","20220413","ヒヨ","26","19971005","20220413"
"20220413","ヒヨ","20220413","ヒヨ","26","19971005","20220413"
"20220413","ヒヨ","20220413","ヒヨ","41","19970214","20220413"
"20220413","ヒヨ","20220413","ヒヨ","33","19940428","20220413"
"20220413","ヒヨ","20220413","ヒヨ","26","19971005","20220413"
"20220413","ヒヨ","20220413","ヒヨ","24","19960201","20220413"
"20220414","ヒヨ","20220414","ヒヨ","40","19971005","20220414"
"20220414","ヒヨ","20220414","ヒヨ","40","19971005","20220414"
"20220414","ヒヨ","20220414","ヒヨ","40","19971005","20220414"
"20220414","ヒヨ","20220414","ヒヨ","40","19971005","20220414"
"20220414","ヒヨ","20220414","ヒヨ","40","19971005","20220414"
"20220414","ヒヨ","20220414","ヒヨ","40","19971005","20220414"
"20220414","ヒヨ","20220414","ヒヨ","40","19971005","20220414"
"20220414","ヒヨ","20220414","ヒヨ","40","19971005","20220414"
"20220414","ヒヨ","20220414","ヒヨ","40","19971005","20220414"
"20220414","ヒヨ","20220414","ヒヨ","40","19971005","20220414"
"20220414","ヒヨ","20220414","ヒヨ","40","19971005","20220414"
"20220414","ヒヨ","20220414","ヒヨ","40","19971005","20220414"
"20220414","ヒヨ","20220414","ヒヨ","40","19971005","20220414"
"20220414","ヒヨ","20220414","ヒヨ","40","19971005","20220414"
"20220414","ヒヨ","20220414","ヒヨ","34","19960201","20220414"
"20220414","ヒヨ","20220414","ヒヨ","40","19971005","20220414"
"20220414","ヒヨ","20220414","ヒヨ","40","19971005","20220414"
"20220414","ヒヨ","20220414","ヒヨ","18","19970214","20220414"
"20220414","ヒヨ","20220414","ヒヨ","40","19971005","20220414"
"20220414","ヒヨ","20220414","ヒヨ","40","19971005","20220414"
"20220414","ヒヨ","20220414","ヒヨ","40","19971005","20220414"
"20220414","ヒヨ","20220414","ヒヨ","40","19971005","20220414"
"20220414","ヒヨ","20220414","ヒヨ","34","19960201","20220414"
"20220414","ヒヨ","20220414","ヒヨ","40","19971005","20220414"
"20220414","ヒヨ","20220414","ヒヨ","40","19971005","20220414"
"20220414","ヒヨ","20220414","ヒヨ","34","19960201","20220414"
"20220414","ヒヨ","20220414","ヒヨ","40","19971005","20220414"
"20220414","ヒヨ","20220414","ヒヨ","40","19971005","20220414"
"20220414","ヒヨ","20220414","ヒヨ","40","19971005","20220414"
"20220414","ヒヨ","20220414","ヒヨ","40","19971005","20220414"
"20220414","ヒヨ","20220414","ヒヨ","48","19940428","20220414"
"20220414","ヒヨ","20220414","ヒヨ","40","19971005","20220414"
"20220414","ヒヨ","20220414","ヒヨ","40","19971005","20220414"
"20220414","ヒヨ","20220414","ヒヨ","40","19971005","20220414"
"20220414","ヒヨ","20220414","ヒヨ","40","19971005","20220414"
"20220412","ヒヨ","20211224","ヒヨ","1","19971005","20220101"
"20220412","ヒヨ","20211224","ヒヨ","7","19971005","20220201"
"20220412","ヒヨ","20211224","ヒヨ","19","19971005","20211225"
"20220412","ヒヨ","20211224","ヒヨ","19","19971005","20201225"
"20220415","ヒヨ","20220415","ヒヨ","6","19971005","20220415"
"20220415","ヒヨ","20220415","ヒヨ","6","19971005","20220415"
"20220415","ヒヨ","20220415","ヒヨ","24","19960201","20220415"
"20220415","ヒヨ","20220415","ヒヨ","1","19970214","20220415"
"20220415","ヒヨ","20220415","ヒヨ","34","19940428","20220415"
"20220415","ヒヨ","20220415","ヒヨ","43","19980219","20220415"
"20220415","ヒヨ","20220415","ヒヨ","34","19940428","20220415"
"20220415","ヒヨ","20220415","ヒヨ","6","19971005","20220415"
"20220415","ヒヨ","20220415","ヒヨ","8","19950826","20220415"
"20220415","ヒヨ","20220415","ヒヨ","43","19980219","20220415"
"20220415","ヒヨ","20220415","ヒヨ","1","19970214","20220415"
"20220415","ヒヨ","20220415","ヒヨ","34","19940428","20220415"
"20220415","ヒヨ","20220415","ヒヨ","1","19970214","20220415"
"20220415","ヒヨ","20220415","ヒヨ","34","19940428","20220415"
"20220415","ヒヨ","20220415","ヒヨ","43","19980219","20220415"
"20220415","ヒヨ","20220415","ヒヨ","34","19940428","20220415"
"20220415","ヒヨ","20220415","ヒヨ","6","19971005","20220415"
"20220415","ヒヨ","20220415","ヒヨ","1","19970214","20220415"
"20220415","ヒヨ","20220415","ヒヨ","16","19991130","20220415"
"20220414","ヒヨ","20220414","ヒヨ","21","19991130","20220414"
"20220415","ヒヨ","20220415","ヒヨ","24","19960201","20220415"
"20220415","ヒヨ","20220415","ヒヨ","34","19940428","20220415"
"20220415","ヒヨ","20220415","ヒヨ","34","19940428","20220415"
"20220415","ヒヨ","20220415","ヒヨ","1","19970214","20220415"
"20220415","ヒヨ","20220415","ヒヨ","43","19980219","20220415"
"20220104","ヒヨ","20220104","ヒヨ","35","19960201","20220104"
"20220201","ヒヨ","20220201","ヒヨ","1","19960201","20220201"
"20220201","ヒヨ","20220201","ヒヨ","7","19970214","20220201"
"20220415","ヒヨ","20220415","ヒヨ","1","19970214","20220415"
"20220415","ヒヨ","20220415","ヒヨ","6","19971005","20220415"
"20220418","ヒヨ","20220418","ヒヨ","45","19980219","20220418"
"20220418","ヒヨ","20220418","ヒヨ","45","19980219","20220418"
"20220418","ヒヨ","20220418","ヒヨ","48","19971005","20220418"
"20220418","ヒヨ","20220418","ヒヨ","48","19971005","20220418"
"20220419","ヒヨ","20220419","ヒヨ","11","19960201","20220419"
"20220419","ヒヨ","20220419","ヒヨ","50","19991130","20220419"
"20220419","ヒヨ","20220419","ヒヨ","19","19970214","20220419"
"20220419","ヒヨ","20220419","ヒヨ","19","19970214","20220419"
"20220420","ヒヨ","20220420","ヒヨ","24","19971005","20220420"
"20220421","ヒヨ","20220421","ヒヨ","5","19971005","20220421"
"20220421","ヒヨ","20220421","ヒヨ","37","19940428","20220421"
